1,James Harden,HOU,78,36.8,10.8,24.5,0.442,4.8,13.2,0.368,9.7,11,0.879,5,3.1,0.8,5.8,6.6,7.5,2,0.7,36.1
2,Paul George,OKC,77,36.9,9.2,21,0.438,3.8,9.8,0.386,5.9,7,0.839,2.7,2.8,1.4,6.8,8.2,4.1,2.2,0.4,28
3,Giannis Antetokounmpo,MIL,72,32.8,10,17.3,0.578,0.7,2.8,0.256,6.9,9.5,0.729,3.7,3.2,2.2,10.3,12.5,5.9,1.3,1.5,27.7
4,Joel Embiid,PHI,64,33.7,9.1,18.7,0.484,1.2,4.1,0.3,8.2,10.1,0.804,3.5,3.3,2.5,11.1,13.6,3.7,0.7,1.9,27.5
5,LeBron James,LAL,55,35.2,10.1,19.9,0.51,2,5.9,0.339,5.1,7.6,0.665,3.6,1.7,1,7.4,8.5,8.3,1.3,0.6,27.4
6,Stephen Curry,GSW,69,33.8,9.2,19.4,0.472,5.1,11.7,0.437,3.8,4.2,0.916,2.8,2.4,0.7,4.7,5.3,5.2,1.3,0.4,27.3
7,Kawhi Leonard,TOR,60,34,9.3,18.8,0.496,1.9,5,0.371,6.1,7.1,0.854,2,1.4,1.3,6,7.3,3.3,1.8,0.4,26.6
8,Devin Booker,PHX,64,35,9.2,19.6,0.467,2.1,6.5,0.326,6.1,7.1,0.866,4.1,3.1,0.6,3.5,4.1,6.8,0.9,0.2,26.6
9,Kevin Durant,GSW,78,34.6,9.2,17.7,0.521,1.8,5,0.353,5.7,6.5,0.885,2.9,2,0.4,5.9,6.4,5.9,0.7,1.1,26
10,Anthony Davis,NOP,56,33,9.5,18.3,0.517,0.9,2.6,0.331,6.1,7.7,0.794,2,2.4,3.1,8.9,12,3.9,1.6,2.4,25.9
11,Damian Lillard,POR,80,35.5,8.5,19.2,0.444,3,8,0.369,5.8,6.4,0.912,2.6,1.9,0.8,3.8,4.6,6.9,1.1,0.4,25.8
12,Kemba Walker,CHA,82,34.9,8.9,20.5,0.434,3.2,8.9,0.356,4.6,5.5,0.844,2.6,1.6,0.6,3.8,4.4,5.9,1.2,0.4,25.6
13,Bradley Beal,WAS,82,36.9,9.3,19.6,0.475,2.5,7.3,0.351,4.4,5.5,0.808,2.7,2.8,1.1,3.9,5,5.5,1.5,0.7,25.6
14,Blake Griffin,DET,75,35,8.3,17.9,0.462,2.5,7,0.362,5.5,7.3,0.753,3.4,2.7,1.3,6.2,7.5,5.4,0.7,0.4,24.5
15,Karl-Anthony Towns,MIN,77,33,8.8,17.1,0.518,1.8,4.6,0.4,4.9,5.8,0.836,3.1,3.8,3.4,9,12.4,3.4,0.9,1.6,24.4
16,Kyrie Irving,BOS,67,33,9,18.5,0.487,2.6,6.5,0.401,3.2,3.7,0.873,2.6,2.5,1.1,3.9,5,6.9,1.5,0.5,23.8
17,Donovan Mitchell,UTA,77,33.7,8.6,19.9,0.432,2.4,6.7,0.362,4.1,5.1,0.806,2.8,2.7,0.8,3.3,4.1,4.2,1.4,0.4,23.8
18,Zach LaVine,CHI,63,34.5,8.4,18,0.467,1.9,5.1,0.374,5,6,0.832,3.4,2.2,0.6,4,4.7,4.5,1,0.4,23.7
19,Russell Westbrook,OKC,73,36,8.6,20.2,0.428,1.6,5.6,0.29,4.1,6.2,0.656,4.5,3.4,1.5,9.6,11.1,10.7,1.9,0.5,22.9
20,Klay Thompson,GSW,78,34,8.4,18,0.467,3.1,7.7,0.402,1.7,2,0.816,1.5,2,0.5,3.4,3.8,2.4,1.1,0.6,21.5
21,Julius Randle,NOP,73,30.6,7.8,14.9,0.524,0.9,2.7,0.344,4.9,6.7,0.731,2.8,3.4,2.2,6.5,8.7,3.1,0.7,0.6,21.4
22,LaMarcus Aldridge,SAS,81,33.2,8.4,16.3,0.519,0.1,0.5,0.238,4.3,5.1,0.847,1.8,2.2,3.1,6.1,9.2,2.4,0.5,1.3,21.3
23,DeMar DeRozan,SAS,77,34.9,8.2,17.1,0.481,0.1,0.6,0.156,4.8,5.7,0.83,2.6,2.3,0.7,5.3,6,6.2,1.1,0.5,21.2
24,Luka Doncic,DAL,72,32.2,7,16.5,0.427,2.3,7.1,0.327,4.8,6.7,0.713,3.4,1.9,1.2,6.6,7.8,6,1.1,0.3,21.2
25,Jrue Holiday,NOP,67,35.9,8.2,17.3,0.472,1.8,5.4,0.325,3.1,4,0.768,3.1,2.2,1.1,3.9,5,7.7,1.6,0.8,21.2
26,D'Angelo Russell,BRK,81,30.2,8.1,18.7,0.434,2.9,7.8,0.369,2,2.5,0.78,3.1,1.7,0.7,3.2,3.9,7,1.2,0.2,21.1
27,Mike Conley,MEM,70,33.5,7,16,0.438,2.2,6.1,0.364,4.9,5.8,0.845,1.9,1.8,0.6,2.8,3.4,6.4,1.3,0.3,21.1
28,C.J. McCollum,POR,70,33.9,8.2,17.8,0.459,2.4,6.4,0.375,2.3,2.7,0.828,1.5,2.5,0.9,3.1,4,3,0.8,0.4,21
29,Nikola Vucevic,ORL,80,31.4,8.8,16.9,0.518,1.1,2.9,0.364,2.2,2.8,0.789,2,2,2.8,9.2,12,3.8,1,1.1,20.8
30,John Wall,WAS,32,34.5,7.7,17.2,0.444,1.6,5.3,0.302,3.8,5.5,0.697,3.8,2.2,0.5,3.2,3.6,8.7,1.5,0.9,20.7
31,Buddy Hield,SAC,82,31.9,7.6,16.6,0.458,3.4,7.9,0.427,2.1,2.4,0.886,1.8,2.5,1.3,3.7,5,2.5,0.7,0.4,20.7
32,Nikola Jokic,DEN,80,31.3,7.7,15.1,0.511,1,3.4,0.307,3.6,4.4,0.821,3.1,2.9,2.9,8,10.8,7.2,1.4,0.7,20.1
33,Tobias Harris,PHI,82,34.7,7.5,15.3,0.487,1.9,4.8,0.397,3.2,3.7,0.866,1.8,2.2,0.8,7,7.9,2.8,0.6,0.5,20
34,Lou Williams,LAC,75,26.6,6.5,15.2,0.425,1.4,3.9,0.361,5.7,6.5,0.876,2.4,1.1,0.5,2.4,3,5.4,0.8,0.1,20
35,Danilo Gallinari,LAC,68,30.3,6,13,0.463,2.4,5.5,0.433,5.4,6,0.904,1.5,1.9,0.8,5.3,6.1,2.6,0.7,0.3,19.8
36,John Collins,ATL,61,30,7.6,13.6,0.56,0.9,2.6,0.348,3.3,4.4,0.763,2,3.3,3.6,6.2,9.8,2,0.4,0.6,19.5
37,Trae Young,ATL,81,30.9,6.5,15.5,0.418,1.9,6,0.324,4.2,5.1,0.829,3.8,1.7,0.8,2.9,3.7,8.1,0.9,0.2,19.1
38,Victor Oladipo,IND,36,31.9,6.9,16.3,0.423,2.1,6,0.343,2.9,3.9,0.73,2.3,2,0.6,5,5.6,5.2,1.7,0.3,18.8
39,Jimmy Butler,PHI,65,33.6,6.4,13.9,0.462,1,3,0.347,4.8,5.6,0.855,1.5,1.7,1.9,3.4,5.3,4,1.9,0.6,18.7
40,Kyle Kuzma,LAL,70,33.1,7.1,15.5,0.456,1.8,6,0.303,2.7,3.6,0.752,1.9,2.4,0.9,4.6,5.5,2.5,0.6,0.4,18.7
41,Khris Middleton,MIL,77,31.1,6.6,14.9,0.441,2.3,6.2,0.378,2.8,3.4,0.837,2.3,2.2,0.6,5.3,6,4.3,1,0.1,18.3
42,Brandon Ingram,LAL,52,33.9,7,14,0.497,0.6,1.8,0.33,3.8,5.6,0.675,2.5,2.9,0.8,4.3,5.1,3,0.5,0.6,18.3
43,Jamal Murray,DEN,75,32.6,6.8,15.6,0.437,2,5.5,0.367,2.5,3,0.848,2.1,2,0.9,3.4,4.2,4.8,0.9,0.4,18.2
44,Andrew Wiggins,MIN,73,34.8,6.8,16.6,0.412,1.6,4.8,0.339,2.8,4.1,0.699,1.9,2.1,1.1,3.7,4.8,2.5,1,0.7,18.1
45,Tim Hardaway Jr.,DAL,65,31.6,6,15.3,0.393,2.5,7.3,0.34,3.6,4.2,0.841,1.6,2.2,0.5,2.9,3.4,2.4,0.8,0.1,18.1
46,J.J. Redick,PHI,76,31.3,5.9,13.5,0.44,3.2,8,0.397,3,3.4,0.894,1.3,1.7,0.3,2.2,2.4,2.7,0.4,0.2,18.1
47,Derrick Rose,MIN,51,27.3,7.1,14.8,0.482,1.1,2.9,0.37,2.7,3.1,0.856,1.6,1.1,0.6,2.1,2.7,4.3,0.6,0.2,18
48,T.J. Warren,PHX,43,31.6,6.9,14.2,0.486,1.8,4.2,0.428,2.3,2.9,0.815,1.2,2.8,0.7,3.3,4,1.5,1.2,0.7,18
49,Bojan Bogdanovic,IND,81,31.8,6.4,13,0.497,2,4.8,0.425,3,3.8,0.807,1.7,1.7,0.4,3.7,4.1,2,0.9,0,18
50,Andre Drummond,DET,79,33.5,7.1,13.3,0.533,0.1,0.5,0.132,3.1,5.2,0.59,2.2,3.4,5.4,10.2,15.6,1.4,1.7,1.7,17.3
51,De'Aaron Fox,SAC,81,31.4,6.2,13.6,0.458,1.1,2.9,0.371,3.7,5.1,0.727,2.8,2.5,0.5,3.2,3.8,7.3,1.6,0.6,17.3
52,Pascal Siakam,TOR,80,31.8,6.5,11.8,0.549,1,2.7,0.369,3,3.8,0.785,1.9,3,1.6,5.3,6.9,3.1,0.9,0.7,16.9
53,Ben Simmons,PHI,79,34.2,6.8,12.2,0.562,0,0.1,0,3.3,5.4,0.6,3.5,2.6,2.2,6.6,8.8,7.7,1.4,0.8,16.9
54,Jordan Clarkson,CLE,81,27.3,6.5,14.6,0.448,1.8,5.5,0.324,2,2.4,0.844,1.7,1.4,1,2.3,3.3,2.4,0.7,0.2,16.8
55,Spencer Dinwiddie,BRK,68,28.1,5.4,12.2,0.442,1.8,5.4,0.335,4.2,5.2,0.806,2.2,2.8,0.4,2.1,2.4,4.6,0.6,0.2,16.8
56,Collin Sexton,CLE,82,31.8,6.3,14.7,0.431,1.5,3.6,0.402,2.6,3.1,0.839,2.3,2.3,0.7,2.2,2.9,3,0.5,0.1,16.7
57,Clint Capela,HOU,67,33.6,7.1,10.9,0.648,0,0,0,2.5,3.9,0.636,1.4,2.5,4.4,8.2,12.7,1.4,0.7,1.5,16.6
58,Montrezl Harrell,LAC,82,26.3,6.7,10.8,0.615,0,0.2,0.176,3.2,5,0.643,1.6,3.1,2.2,4.3,6.5,2,0.9,1.3,16.6
59,Josh Richardson,MIA,73,34.8,5.8,14.1,0.412,2.2,6.3,0.357,2.7,3.2,0.861,1.5,2.7,0.7,2.9,3.6,4.1,1.1,0.5,16.6
60,Harrison Barnes,SAC,77,32.9,5.6,13.3,0.42,2.3,5.7,0.395,3,3.6,0.824,1.3,1.6,0.7,4,4.7,1.5,0.6,0.2,16.4
61,Deandre Ayton,PHX,71,30.7,7.2,12.3,0.585,0,0.1,0,2,2.7,0.746,1.8,2.9,3.1,7.1,10.3,1.8,0.9,0.9,16.3
62,Eric Gordon,HOU,68,31.7,5.6,13.8,0.409,3.2,8.8,0.36,1.8,2.2,0.783,1.3,2.1,0.2,1.9,2.2,1.9,0.6,0.4,16.2
63,Aaron Gordon,ORL,78,33.8,6,13.4,0.449,1.6,4.4,0.349,2.4,3.2,0.731,2.1,2.2,1.7,5.7,7.4,3.7,0.7,0.7,16
64,Eric Bledsoe,MIL,78,29.1,6,12.4,0.484,1.6,4.8,0.329,2.3,3,0.75,2.1,2,1.1,3.6,4.6,5.5,1.5,0.4,15.9
65,Rudy Gobert,UTA,81,31.8,5.9,8.8,0.669,0,0,0,4.1,6.4,0.636,1.6,2.9,3.8,9,12.9,2,0.8,2.3,15.9
66,Jayson Tatum,BOS,79,31.1,5.9,13.1,0.45,1.5,3.9,0.373,2.5,2.9,0.855,1.5,2.1,0.9,5.2,6,2.1,1.1,0.7,15.7
67,Malcolm Brogdon,MIL,64,28.6,5.9,11.7,0.505,1.6,3.8,0.426,2.2,2.4,0.928,1.4,1.6,1,3.5,4.5,3.2,0.7,0.2,15.6
68,Jusuf Nurkic,POR,72,27.4,5.8,11.5,0.508,0,0.4,0.103,3.9,5.1,0.773,2.3,3.5,3.4,7,10.4,3.2,1,1.4,15.6
69,Chris Paul,HOU,58,32,5.2,12.4,0.419,2.2,6.1,0.358,3,3.5,0.862,2.6,2.5,0.6,3.9,4.6,8.2,2,0.3,15.6
70,Dennis Schroder,OKC,79,29.3,5.8,14,0.414,1.6,4.6,0.341,2.4,2.9,0.819,2.2,2.4,0.5,3.1,3.6,4.1,0.8,0.2,15.5
71,Reggie Jackson,DET,82,27.9,5.4,12.8,0.421,2.1,5.7,0.369,2.5,2.9,0.864,1.8,2.5,0.5,2.1,2.6,4.2,0.7,0.1,15.4
72,Jeremy Lamb,CHA,79,28.5,5.5,12.4,0.44,1.5,4.2,0.348,2.9,3.3,0.888,1,1.8,0.8,4.7,5.5,2.2,1.1,0.4,15.3
73,Kelly Oubre Jr.,PHX,69,28,5.4,12.2,0.445,1.6,4.9,0.32,2.7,3.5,0.775,1.5,2.6,1,3.7,4.7,1.2,1.2,0.9,15.2
74,Evan Fournier,ORL,81,31.5,5.8,13.2,0.438,1.9,5.6,0.34,1.7,2.1,0.806,1.9,2.8,0.5,2.7,3.2,3.6,0.9,0.1,15.1
75,Terrence Ross,ORL,81,26.5,5.4,12.7,0.428,2.7,7,0.383,1.6,1.8,0.875,1.1,1.5,0.3,3.1,3.5,1.7,0.9,0.4,15.1
76,Dwyane Wade,MIA,72,26.2,5.8,13.3,0.433,1.2,3.6,0.33,2.3,3.2,0.708,2.3,1.6,1,3,4,4.2,0.8,0.5,15
77,Serge Ibaka,TOR,74,27.2,6.3,11.9,0.529,0.7,2.3,0.29,1.8,2.4,0.763,1.5,2.9,2.1,6,8.1,1.3,0.4,1.4,15
78,Marvin Bagley III,SAC,62,25.3,5.7,11.4,0.504,0.5,1.5,0.312,2.9,4.2,0.691,1.6,1.9,2.6,5,7.6,1,0.5,1,14.9
79,Emmanuel Mudiay,NYK,59,27.2,5.6,12.5,0.446,1.2,3.6,0.329,2.4,3.2,0.774,2.4,1.7,0.6,2.8,3.3,3.9,0.7,0.3,14.8
80,Jabari Parker,WAS,64,26.9,5.8,11.7,0.493,1,3,0.313,2,2.9,0.712,2.4,2.3,1.2,5.3,6.6,2.4,0.7,0.5,14.5
81,Kyle Lowry,TOR,65,34.1,4.7,11.4,0.411,2.4,7,0.347,2.5,3,0.83,2.8,2.6,0.6,4.2,4.8,8.7,1.4,0.5,14.2
82,Bogdan Bogdanovic,SAC,70,27.8,5.2,12.3,0.418,1.9,5.3,0.36,1.9,2.3,0.827,1.7,2,0.6,2.9,3.5,3.8,1,0.2,14.1
83,Domantas Sabonis,IND,74,24.8,5.6,9.5,0.59,0.1,0.2,0.529,2.8,3.9,0.715,2.2,3.2,2.5,6.8,9.3,2.9,0.6,0.4,14.1
84,Marcus Morris,BOS,75,27.9,5,11.3,0.447,1.9,5.2,0.375,1.9,2.3,0.844,1.2,2.4,1,5.1,6.1,1.5,0.6,0.3,13.9
85,Otto Porter,CHI,56,30.1,5.3,11.5,0.465,1.9,4.6,0.406,1.4,1.7,0.812,1.2,1.9,1,4.6,5.6,2.1,1.5,0.6,13.9
86,Steven Adams,OKC,80,33.4,6,10.1,0.595,0,0,0,1.8,3.6,0.5,1.7,2.5,4.9,4.6,9.5,1.6,1.5,0.9,13.8
87,Jaren Jackson Jr.,MEM,58,26.1,5.1,10.2,0.506,0.9,2.4,0.359,2.6,3.4,0.766,1.7,3.8,1.3,3.4,4.7,1.1,0.9,1.4,13.8
88,Rudy Gay,SAS,69,26.7,5.4,10.8,0.504,1.1,2.7,0.402,1.7,2.1,0.816,1.7,2.3,0.9,5.9,6.8,2.6,0.8,0.5,13.7
89,Joe Harris,BRK,76,30.2,4.9,9.8,0.5,2.4,5.1,0.474,1.4,1.8,0.827,1.6,2.4,0.7,3.1,3.8,2.4,0.5,0.2,13.7
90,Enes Kanter,POR,67,24.5,5.6,10.2,0.549,0.1,0.5,0.294,2.3,2.9,0.787,1.8,2.5,3.8,6,9.8,1.7,0.5,0.4,13.7
91,Jerami Grant,OKC,80,32.7,5.1,10.3,0.497,1.4,3.7,0.392,2,2.8,0.71,0.8,2.7,1.2,4,5.2,1,0.8,1.2,13.6
92,Al Horford,BOS,68,29,5.7,10.6,0.535,1.1,3,0.36,1.1,1.4,0.821,1.5,1.9,1.8,5,6.7,4.2,0.9,1.3,13.6
93,Marc Gasol,TOR,79,30.8,4.9,11,0.448,1.3,3.5,0.363,2.4,3.2,0.759,2,2.7,1,6.9,7.9,4.4,1.1,1.1,13.6
94,Carmelo Anthony,HOU,10,29.4,4.9,12.1,0.405,2.1,6.4,0.328,1.5,2.2,0.682,0.8,3.2,0.9,4.5,5.4,0.5,0.4,0.7,13.4
95,Myles Turner,IND,74,28.6,5.1,10.5,0.487,1,2.6,0.388,2,2.7,0.736,1.4,2.6,1.4,5.8,7.2,1.6,0.8,2.7,13.3
96,Robert Covington,MIN,35,34.4,4.5,10.3,0.431,2.4,6.4,0.378,1.9,2.5,0.764,1.3,3.6,0.8,4.7,5.5,1.3,2.1,1.3,13.3
97,Cedi Osman,CLE,76,32.2,4.7,11.1,0.427,1.7,4.9,0.348,1.9,2.4,0.779,1.5,2.6,0.6,4.1,4.7,2.6,0.8,0.1,13
98,Jaylen Brown,BOS,74,25.9,5,10.7,0.465,1.3,3.7,0.344,1.8,2.7,0.658,1.3,2.5,0.9,3.4,4.2,1.4,0.9,0.4,13
99,Kevin Knox,NYK,75,28.8,4.5,12.2,0.37,1.7,4.9,0.343,2.2,3,0.717,1.5,2.3,0.8,3.7,4.5,1.1,0.6,0.3,12.8
100,Ricky Rubio,UTA,68,27.9,4.3,10.7,0.404,1.2,3.7,0.311,2.9,3.4,0.855,2.6,2.6,0.5,3.1,3.6,6.1,1.3,0.1,12.7
101,Thaddeus Young,IND,81,30.7,5.5,10.4,0.527,0.6,1.8,0.349,1.1,1.7,0.644,1.5,2.4,2.4,4.1,6.5,2.5,1.5,0.4,12.6
102,Paul Millsap,DEN,70,27.1,4.6,9.5,0.484,0.8,2.3,0.365,2.6,3.6,0.727,1.4,2.6,2.2,5,7.2,2,1.2,0.8,12.6
103,Justise Winslow,MIA,66,29.7,4.9,11.3,0.433,1.5,3.9,0.375,1.3,2.1,0.628,2.2,2.7,1,4.4,5.4,4.3,1.1,0.3,12.6
104,Trevor Ariza,WAS,69,34,4.3,10.7,0.399,2.1,6.3,0.334,1.9,2.4,0.793,1.5,1.9,0.7,4.7,5.4,3.7,1.3,0.3,12.5
105,Brook Lopez,MIL,81,28.7,4.4,9.7,0.452,2.3,6.3,0.365,1.4,1.6,0.842,1,2.3,0.4,4.5,4.9,1.2,0.6,2.2,12.5
106,Hassan Whiteside,MIA,72,23.3,5.4,9.4,0.571,0,0.2,0.125,1.5,3.4,0.449,1.3,2.7,3.6,7.8,11.3,0.8,0.6,1.9,12.3
107,Jeff Green,WAS,77,27.2,4.2,8.9,0.475,1.4,4.2,0.347,2.4,2.7,0.888,1.3,2.1,0.7,3.3,4,1.8,0.6,0.5,12.3
108,Wesley Matthews,IND,69,30.3,4,10.1,0.4,2.2,5.8,0.372,1.9,2.4,0.81,1.3,2.3,0.5,2,2.5,2.3,0.8,0.2,12.2
109,Joe Ingles,UTA,82,31.3,4.4,9.8,0.448,2.3,5.9,0.391,1.1,1.5,0.707,2.4,2.2,0.4,3.6,4,5.7,1.2,0.2,12.1
110,JaVale McGee,LAL,75,22.3,5.3,8.5,0.624,0,0.2,0.083,1.3,2,0.632,1.4,2.8,2.6,4.9,7.5,0.7,0.6,2,12
111,E'Twaun Moore,NOP,53,27.6,4.8,10,0.481,1.4,3.3,0.432,0.8,1.1,0.763,1.1,2.1,0.7,1.7,2.4,1.9,0.8,0.2,11.9
112,Willie Cauley-Stein,SAC,81,27.3,5.1,9.1,0.556,0,0,0.5,1.7,3.1,0.551,1,2.8,2.2,6.1,8.4,2.4,1.2,0.6,11.9
113,Jae Crowder,UTA,80,27.1,4,10,0.399,2.2,6.5,0.331,1.8,2.5,0.721,1.1,2.1,0.8,4,4.8,1.7,0.8,0.4,11.9
114,Derrick Favors,UTA,76,23.2,4.8,8.1,0.586,0.2,1,0.218,2,3,0.675,1.1,2.1,2.7,4.6,7.4,1.2,0.7,1.4,11.8
115,Bryn Forbes,SAS,82,28,4.4,9.7,0.456,2.1,5,0.426,0.8,1,0.885,1,1.9,0.2,2.7,2.9,2.1,0.5,0,11.8
116,D.J. Augustin,ORL,81,28,3.9,8.4,0.47,1.6,3.8,0.421,2.2,2.6,0.866,1.6,1.4,0.5,2,2.5,5.3,0.6,0,11.7
117,Kent Bazemore,ATL,67,24.5,4.1,10.3,0.402,1.4,4.5,0.32,1.9,2.6,0.726,1.8,2.5,0.6,3.3,3.9,2.3,1.3,0.6,11.6
118,Josh Jackson,PHX,79,25.2,4.4,10.6,0.413,0.9,2.8,0.324,1.8,2.7,0.671,2.2,2.6,0.8,3.6,4.4,2.3,0.9,0.7,11.5
119,Gordon Hayward,BOS,72,25.9,4.1,8.8,0.466,1.1,3.2,0.333,2.2,2.6,0.834,1.5,1.4,0.7,3.8,4.5,3.4,0.9,0.3,11.5
120,Kentavious Caldwell-Pope,LAL,82,24.8,4,9.2,0.43,1.8,5.3,0.347,1.7,1.9,0.867,0.8,1.7,0.6,2.3,2.9,1.3,0.9,0.2,11.4
121,Malik Beasley,DEN,81,23.2,4.3,9.1,0.474,2,5,0.402,0.7,0.8,0.848,0.7,1.4,0.4,2,2.5,1.2,0.7,0.1,11.3
122,Reggie Bullock,LAL,63,29.8,3.9,9.4,0.412,2.3,6.2,0.377,1.2,1.3,0.859,1,1.7,0.3,2.4,2.7,2,0.6,0.2,11.3
123,Darren Collison,IND,76,28.2,4.1,8.7,0.467,1,2.6,0.407,2.1,2.5,0.832,1.6,1.8,0.5,2.6,3.1,6,1.4,0.1,11.2
124,Rodney Hood,POR,72,26.3,4.1,9.3,0.435,1.2,3.3,0.356,1.9,2.2,0.884,0.8,2,0.3,1.8,2.2,1.8,0.8,0.2,11.2
125,DeMarre Carroll,BRK,67,25.4,3.4,8.6,0.395,1.6,4.6,0.342,2.7,3.6,0.76,1.1,1.7,1,4.2,5.2,1.3,0.5,0.1,11.1
126,Alex Len,ATL,77,20.1,4.2,8.4,0.494,1,2.6,0.363,1.8,2.8,0.648,1.3,2.6,2.1,3.5,5.5,1.1,0.4,0.9,11.1
127,DeAndre Jordan,NYK,69,29.7,4.1,6.5,0.641,0,0,0,2.7,3.8,0.705,2.2,2.4,3.3,9.8,13.1,2.3,0.6,1.1,11
128,Fred VanVleet,TOR,64,27.5,3.8,9.4,0.41,1.8,4.6,0.378,1.5,1.8,0.843,1.3,1.7,0.3,2.3,2.6,4.8,0.9,0.3,11
129,J.J. Barea,DAL,38,19.8,4.2,10.1,0.418,1,3.4,0.297,1.4,2.1,0.705,1.9,1.3,0.3,2.2,2.5,5.6,0.6,0,10.9
130,Jarrett Allen,BRK,80,26.2,4.2,7.1,0.59,0.1,0.6,0.133,2.5,3.5,0.709,1.3,2.3,2.4,6,8.4,1.4,0.5,1.5,10.9
131,Trey Burke,DAL,58,19.4,4.1,9.4,0.431,1,2.7,0.352,1.8,2.1,0.831,0.8,1,0.5,1.2,1.7,2.7,0.6,0.1,10.9
132,Tyler Johnson,PHX,57,26.8,3.8,9.2,0.413,1.6,4.6,0.346,1.7,2.2,0.748,1.4,1.7,0.6,2.4,3,2.9,0.9,0.5,10.9
133,Allonzo Trier,NYK,64,22.8,3.6,8.1,0.448,0.8,2.1,0.394,2.8,3.5,0.803,1.8,1.8,0.5,2.6,3.1,1.9,0.4,0.2,10.9
134,Shai Gilgeous-Alexander,LAC,82,26.5,4.2,8.7,0.476,0.6,1.7,0.367,1.9,2.4,0.8,1.7,2.1,0.7,2.1,2.8,3.3,1.2,0.5,10.8
135,Dewayne Dedmon,ATL,64,25.1,4,8.2,0.492,1.3,3.4,0.382,1.4,1.8,0.814,1.3,3.3,1.6,5.9,7.5,1.4,1.1,1.1,10.8
136,Taj Gibson,MIN,70,24.1,4.3,7.7,0.566,0.2,0.5,0.324,1.9,2.5,0.757,1,2.7,2.5,4.1,6.5,1.2,0.8,0.6,10.8
137,Damyean Dotson,NYK,73,27.4,4,9.6,0.415,1.7,4.7,0.368,1,1.3,0.745,1,1.8,0.5,3.1,3.6,1.8,0.8,0.1,10.7
138,Dario Saric,MIN,81,25,3.8,8.6,0.437,1.5,4,0.365,1.6,1.9,0.88,1.2,2.2,1.6,4.1,5.7,1.6,0.6,0.1,10.6
139,Dwight Powell,DAL,77,21.6,3.8,6.3,0.597,0.5,1.6,0.307,2.5,3.3,0.772,0.9,2.6,1.8,3.5,5.3,1.5,0.6,0.6,10.6
140,Thomas Bryant,WAS,72,20.8,4.3,7,0.616,0.5,1.4,0.333,1.5,1.9,0.781,0.8,1.8,1.6,4.7,6.3,1.3,0.3,0.9,10.5
141,Marco Belinelli,SAS,79,23,3.6,8.7,0.413,1.9,5,0.372,1.4,1.6,0.903,0.9,1.5,0.2,2.3,2.5,1.7,0.4,0.1,10.5
142,Justin Holiday,MEM,82,31.8,3.7,9.5,0.386,2,5.7,0.348,1.2,1.3,0.896,1.3,2,0.6,3.4,3.9,1.8,1.5,0.4,10.5
143,Monte Morris,DEN,82,24,4.2,8.6,0.493,1.1,2.8,0.414,0.8,1,0.802,0.6,1.2,0.4,1.9,2.4,3.6,0.9,0,10.4
144,Wendell Carter Jr.,CHI,44,25.2,4.1,8.4,0.485,0.1,0.7,0.188,2,2.5,0.795,1.5,3.5,2,5,7,1.8,0.6,1.3,10.3
145,Danny Green,TOR,80,27.7,3.7,7.9,0.465,2.5,5.4,0.455,0.5,0.6,0.841,0.9,2.1,0.8,3.2,4,1.6,0.9,0.7,10.3
146,Tyreke Evans,IND,69,20.3,3.7,9.6,0.389,1.1,3.1,0.356,1.7,2.3,0.719,1.7,1.7,0.5,2.4,2.9,2.4,0.8,0.3,10.2
147,Cody Zeller,CHA,49,25.4,3.9,7,0.551,0.1,0.4,0.273,2.3,2.9,0.787,1.3,3.3,2.2,4.6,6.8,2.1,0.8,0.8,10.1
148,Marvin Williams,CHA,75,28.4,3.7,8.7,0.422,1.9,5.1,0.366,0.9,1.1,0.767,0.6,2.1,1,4.4,5.4,1.2,0.9,0.8,10.1
149,Kelly Olynyk,MIA,79,22.9,3.3,7.1,0.463,1.4,4,0.354,1.9,2.3,0.822,1.4,2.3,0.9,3.8,4.7,1.8,0.7,0.5,10
150,Avery Bradley,MEM,63,30.2,3.9,9.7,0.408,1.4,3.9,0.351,0.7,0.8,0.86,1.4,2.7,0.7,2.1,2.8,2.4,0.7,0.3,9.9
151,Derrick White,SAS,67,25.8,3.9,8.1,0.479,0.7,2.1,0.338,1.4,1.8,0.772,1.4,2.2,0.5,3.2,3.7,3.9,1,0.7,9.9
152,Lonzo Ball,LAL,47,30.3,3.9,9.7,0.406,1.6,4.9,0.329,0.4,1,0.417,2.2,2.4,1.1,4.2,5.3,5.4,1.5,0.4,9.9
153,Patty Mills,SAS,82,23.3,3.4,8.1,0.425,1.9,4.9,0.394,1.1,1.3,0.854,1.1,1.6,0.3,1.9,2.2,3,0.6,0.1,9.9
154,Luke Kennard,DET,63,22.8,3.6,8.3,0.438,1.7,4.3,0.394,0.8,1,0.836,0.9,1.5,0.2,2.7,2.9,1.8,0.4,0.2,9.7
155,Kevin Huerter,ATL,75,27.3,3.7,8.8,0.419,1.8,4.7,0.385,0.5,0.7,0.732,1.5,2.1,0.8,2.5,3.3,2.9,0.9,0.3,9.7
156,Nemanja Bjelica,SAC,77,23.2,3.7,7.7,0.479,1.3,3.3,0.401,0.9,1.2,0.761,1.1,2.6,1.6,4.1,5.8,1.9,0.7,0.7,9.6
157,Jonathan Isaac,ORL,75,26.6,3.5,8.1,0.429,1.1,3.5,0.323,1.5,1.8,0.815,1,1.9,1.3,4.2,5.5,1.1,0.8,1.3,9.6
158,Jeremy Lin,TOR,74,19.4,3.2,7.3,0.44,0.7,2.5,0.294,2.4,2.8,0.838,1.7,1.9,0.3,2.1,2.4,3.1,0.6,0.2,9.6
159,Robin Lopez,CHI,74,21.7,4.1,7.2,0.568,0.1,0.4,0.226,1.2,1.7,0.724,1.3,1.7,1.9,2,3.9,1.2,0.1,1.1,9.5
160,Tony Parker,CHA,56,17.9,3.8,8.3,0.46,0.2,0.9,0.255,1.6,2.2,0.734,1.3,0.9,0.2,1.2,1.5,3.7,0.4,0.1,9.5
161,Markieff Morris,OKC,58,21.9,3.5,8.3,0.421,1.2,3.5,0.335,1.2,1.6,0.772,0.9,3,1.1,3.5,4.6,1.4,0.6,0.4,9.4
162,JaMychal Green,LAC,65,21.1,3.5,7.3,0.483,1.1,2.7,0.403,1.2,1.6,0.792,1.3,3,1.6,4.7,6.3,0.8,0.7,0.5,9.4
163,Al-Farouq Aminu,POR,81,28.3,3.2,7.3,0.433,1.2,3.5,0.343,1.9,2.1,0.867,0.9,1.8,1.4,6.1,7.5,1.3,0.8,0.4,9.4
164,Larry Nance Jr.,CLE,67,26.8,3.7,7.1,0.52,0.5,1.5,0.337,1.4,2,0.716,1.4,2.9,2.5,5.7,8.2,3.2,1.5,0.6,9.4
165,Nicolas Batum,CHA,75,31.4,3.4,7.5,0.45,1.5,4,0.389,1,1.2,0.865,1.6,1.9,0.9,4.3,5.2,3.3,0.9,0.6,9.3
166,Jalen Brunson,DAL,73,21.8,3.6,7.7,0.467,0.9,2.5,0.348,1.2,1.6,0.725,1.2,1.7,0.3,2,2.3,3.2,0.5,0.1,9.3
167,Gerald Green,HOU,73,20.2,3.2,7.9,0.4,2.1,6,0.354,0.8,0.9,0.838,0.8,1.7,0.4,2.1,2.5,0.5,0.5,0.4,9.2
168,Landry Shamet,LAC,79,22.8,3,7.1,0.431,2.1,5,0.422,0.9,1.2,0.806,0.6,2,0.3,1.4,1.7,1.5,0.5,0.1,9.1
169,Terry Rozier,BOS,79,22.7,3.3,8.4,0.387,1.5,4.3,0.353,0.9,1.2,0.785,0.9,1.3,0.4,3.5,3.9,2.9,0.9,0.3,9
170,Malik Monk,CHA,73,17.2,3.1,8,0.387,1.5,4.5,0.33,1.2,1.4,0.882,1.2,1.5,0.2,1.7,1.9,1.6,0.5,0.3,8.9
171,Rondae Hollis-Jefferson,BRK,59,20.9,3.4,8.3,0.411,0.2,0.8,0.184,2,3.1,0.645,1.2,1.8,1.4,3.8,5.3,1.6,0.7,0.5,8.9
172,Ivica Zubac,LAC,59,17.6,3.6,6.4,0.559,0,0,0,1.7,2.1,0.802,1.2,2.3,1.9,4.2,6.1,1.1,0.2,0.9,8.9
173,Bam Adebayo,MIA,82,23.3,3.4,5.9,0.576,0,0.2,0.2,2,2.8,0.735,1.5,2.5,2,5.3,7.3,2.2,0.9,0.8,8.9
174,Tomas Satoransky,WAS,80,27,3.2,6.6,0.485,0.8,2,0.395,1.6,2,0.819,1.5,2.1,1,2.5,3.5,5,1,0.2,8.9
175,Marcus Smart,BOS,80,27.5,3,7.1,0.422,1.6,4.3,0.364,1.3,1.6,0.806,1.5,2.5,0.7,2.2,2.9,4,1.8,0.3,8.8
176,Mario Hezonja,NYK,58,20.8,3.3,8,0.412,0.7,2.6,0.276,1.5,2,0.763,1.5,1.9,0.5,3.6,4.1,1.5,1,0.1,8.8
177,Alec Burks,SAC,64,21.5,3,7.4,0.405,1,2.6,0.363,1.8,2.2,0.823,1,1.4,0.5,3.2,3.7,2,0.6,0.3,8.8
178,Delon Wright,MEM,75,22.6,3.2,7.4,0.434,0.7,2.2,0.298,1.6,2,0.793,1,1.4,0.9,2.6,3.5,3.3,1.2,0.4,8.7
179,Norman Powell,TOR,60,18.8,3.2,6.7,0.482,1.1,2.8,0.4,1,1.2,0.827,1.1,1.6,0.3,2,2.3,1.5,0.7,0.2,8.6
180,Kyle Korver,UTA,70,19.1,2.9,6.9,0.416,2,5,0.397,0.9,1,0.822,0.8,1.5,0.1,2.2,2.3,1.2,0.4,0.2,8.6
181,Trey Lyles,DEN,64,17.5,3.2,7.7,0.418,0.8,3.1,0.255,1.3,1.8,0.698,1.1,1.5,0.7,3.2,3.8,1.4,0.5,0.4,8.5
182,Rodions Kurucs,BRK,63,20.5,3.2,7.1,0.45,0.9,2.9,0.315,1.1,1.5,0.783,1.2,2.3,0.9,3,3.9,0.8,0.7,0.4,8.5
183,Langston Galloway,DET,80,21.8,2.9,7.3,0.388,1.7,4.8,0.355,1,1.2,0.844,0.3,1.7,0.6,1.5,2.1,1.1,0.5,0.1,8.4
184,Noah Vonleh,NYK,68,25.3,3,6.5,0.47,0.7,2,0.336,1.6,2.3,0.712,1.3,2.6,1.7,6.1,7.8,1.9,0.7,0.8,8.4
185,DeAndre Bembry,ATL,82,23.6,3.4,7.5,0.446,0.6,2.1,0.289,1.1,1.7,0.64,1.7,2.3,0.7,3.7,4.4,2.5,1.3,0.5,8.4
186,Mikal Bridges,PHX,82,29.5,3,6.9,0.43,1.3,3.8,0.335,1.2,1.4,0.805,0.9,2.5,0.7,2.5,3.2,2.1,1.6,0.5,8.3
187,Darius Miller,NOP,69,25.5,2.7,7,0.39,1.9,5.3,0.365,0.8,1,0.789,0.9,2.4,0.2,1.7,1.9,2.1,0.6,0.3,8.2
188,Jahlil Okafor,NOP,59,15.8,3.6,6.1,0.586,0,0.1,0.2,1,1.5,0.663,0.9,1.6,1.4,3.3,4.7,0.7,0.3,0.7,8.2
189,Richaun Holmes,PHX,70,16.9,3.2,5.2,0.608,0,0,0,1.8,2.5,0.731,0.7,2.8,1.6,3.1,4.7,0.9,0.6,1.1,8.2
190,Markelle Fultz,PHI,19,22.5,3.4,8.2,0.419,0.2,0.7,0.286,1.1,1.9,0.568,1.3,2.7,1.4,2.3,3.7,3.1,0.9,0.3,8.2
191,Austin Rivers,HOU,76,26.7,3.1,7.5,0.406,1.4,4.3,0.318,0.7,1.2,0.526,0.9,2.7,0.3,1.8,2.1,2.2,0.6,0.3,8.1
192,Frank Jackson,NOP,61,19.2,3.2,7.3,0.434,0.9,2.8,0.314,0.9,1.2,0.74,0.8,1.5,0.4,1.8,2.2,1.1,0.4,0,8.1
193,Kyle Anderson,MEM,43,29.8,3.5,6.4,0.543,0.2,0.8,0.265,0.9,1.5,0.578,1.3,2.6,1.1,4.7,5.8,3,1.3,0.9,8
194,Davis Bertans,SAS,76,21.5,2.7,6,0.45,1.9,4.4,0.429,0.7,0.8,0.883,0.6,1.8,0.3,3.2,3.5,1.3,0.5,0.4,8
195,Jamal Crawford,PHX,64,18.9,2.7,6.8,0.397,1,3.2,0.332,1.5,1.7,0.845,1.5,1.2,0.1,1.2,1.3,3.6,0.5,0.2,7.9
196,Seth Curry,POR,74,18.9,2.9,6.3,0.456,1.5,3.4,0.45,0.6,0.7,0.846,0.8,1.3,0.4,1.3,1.6,0.9,0.5,0.2,7.9
197,Josh Hart,LAL,67,25.6,2.8,6.9,0.407,1.4,4.1,0.336,0.8,1.2,0.688,0.9,2.2,0.5,3.2,3.7,1.4,1,0.6,7.8
198,Garrett Temple,LAC,75,27.2,2.8,6.6,0.422,1.2,3.5,0.341,1.1,1.4,0.748,0.9,2.7,0.4,2.5,2.9,1.4,1,0.4,7.8
199,Ante Zizic,CLE,59,18.3,3.1,5.6,0.553,0,0,0,1.6,2.2,0.705,1,1.9,1.8,3.6,5.4,0.9,0.2,0.4,7.8
200,Mason Plumlee,DEN,82,21.1,3.2,5.4,0.593,0,0.1,0.2,1.4,2.4,0.561,1.5,3.1,2,4.4,6.4,3,0.8,0.9,7.8
201,Josh Okogie,MIN,74,23.7,2.6,6.9,0.386,0.8,2.9,0.279,1.6,2.2,0.728,0.9,2.2,0.6,2.4,2.9,1.2,1.2,0.4,7.7
202,Maurice Harkless,POR,60,23.6,3.1,6.5,0.487,0.6,2,0.275,0.8,1.2,0.671,0.8,2.7,1.3,3.2,4.5,1.2,1.1,0.9,7.7
203,Patrick Beverley,LAC,78,27.4,2.5,6.1,0.407,1.4,3.6,0.397,1.2,1.6,0.78,1.1,3.4,1,4,5,3.8,0.9,0.6,7.6
204,George Hill,MIL,60,21.7,2.8,6.3,0.452,0.8,2.5,0.314,1.2,1.4,0.824,0.8,1.7,0.7,1.8,2.5,2.2,0.9,0.1,7.6
205,Rodney McGruder,MIA,66,23.5,2.8,7,0.403,1.2,3.4,0.351,0.8,1.1,0.722,1,1.7,0.9,2.7,3.6,1.7,0.5,0.2,7.6
206,Jake Layman,POR,71,18.7,3,6,0.509,0.8,2.5,0.326,0.7,1,0.704,0.6,1.6,0.8,2.3,3.1,0.7,0.4,0.4,7.6
207,Shelvin Mack,CHA,57,21.9,2.9,7.1,0.404,0.8,2.3,0.354,1,1.5,0.69,1.2,1.5,0.3,1.5,1.8,3.2,0.8,0.1,7.5
208,Dorian Finney-Smith,DAL,81,24.5,2.8,6.5,0.432,1,3.1,0.311,0.9,1.3,0.709,0.9,2.3,1.7,3.1,4.8,1.2,0.9,0.4,7.5
209,Iman Shumpert,HOU,62,23.9,2.7,7.2,0.374,1.5,4.4,0.348,0.6,0.7,0.8,0.8,2,0.4,2.5,3,1.8,1,0.4,7.5
210,Miles Bridges,CHA,80,21.2,3,6.4,0.464,0.8,2.5,0.325,0.7,1,0.753,0.6,1.4,0.8,3.2,4,1.2,0.7,0.6,7.5
211,Vince Carter,ATL,76,17.5,2.6,6.2,0.419,1.6,4.2,0.389,0.6,0.9,0.712,0.6,1.9,0.4,2.1,2.6,1.1,0.6,0.4,7.4
212,Draymond Green,GSW,66,31.3,2.8,6.4,0.445,0.7,2.5,0.285,1,1.4,0.692,2.6,3,0.9,6.4,7.3,6.9,1.4,1.1,7.4
213,Mitchell Robinson,NYK,66,20.6,3.1,4.4,0.694,0,0,0,1.2,2,0.6,0.5,3.3,2.7,3.7,6.4,0.6,0.8,2.4,7.3
214,P.J. Tucker,HOU,82,34.2,2.5,6.4,0.396,1.8,4.7,0.377,0.5,0.7,0.695,0.8,3.1,1.5,4.4,5.8,1.2,1.6,0.5,7.3
215,Doug McDermott,IND,77,17.4,2.7,5.5,0.491,1.1,2.7,0.408,0.9,1,0.835,0.5,1.4,0.2,1.2,1.4,0.9,0.2,0.1,7.3
216,Boban Marjanovic,PHI,58,11.7,2.8,4.5,0.615,0.1,0.2,0.4,1.7,2.3,0.748,1,1.6,1.5,3.1,4.6,0.9,0.3,0.5,7.3
217,Willy Hernangomez,CHA,58,14,2.6,5.1,0.519,0.3,0.7,0.385,1.7,2.5,0.694,1,1.7,2,3.3,5.4,1,0.3,0.3,7.3
218,Lance Stephenson,LAL,68,16.5,2.7,6.4,0.426,1.1,2.9,0.371,0.7,1.1,0.685,1.3,1.6,0.5,2.7,3.2,2.1,0.6,0.1,7.2
219,Justin Jackson,DAL,81,19.9,2.7,6,0.447,1.1,3,0.355,0.8,1,0.785,0.4,1.2,0.5,2.1,2.6,1.2,0.4,0.2,7.2
220,Harry Giles,SAC,58,14.1,3,6,0.503,0,0.1,0,1,1.6,0.637,1.3,2.6,1.1,2.7,3.8,1.5,0.5,0.4,7
221,Derrick Jones Jr.,MIA,60,19.2,2.7,5.4,0.494,0.5,1.5,0.308,1.2,2,0.607,0.7,2,1.6,2.4,4,0.6,0.8,0.7,7
222,Mike Muscala,LAL,64,20.4,2.3,5.6,0.402,1.4,4,0.348,1.1,1.3,0.824,0.8,2,0.9,2.9,3.8,1.2,0.3,0.6,7
223,OG Anunoby,TOR,67,20.2,2.7,6,0.453,1,3,0.332,0.5,0.9,0.581,0.8,2.1,0.9,2.1,2.9,0.7,0.7,0.3,7
224,Terrance Ferguson,OKC,74,26.1,2.5,5.8,0.429,1.4,3.9,0.366,0.5,0.7,0.725,0.6,3.1,0.4,1.5,1.9,1,0.5,0.2,6.9
225,Pat Connaughton,MIL,61,20.7,2.7,5.7,0.466,1.1,3.3,0.33,0.5,0.7,0.725,0.5,1.3,1,3.2,4.2,2,0.5,0.4,6.9
226,Tyus Jones,MIN,68,22.9,2.7,6.6,0.415,0.6,1.9,0.317,0.9,1,0.841,0.7,1.1,0.3,1.6,2,4.8,1.2,0.1,6.9
227,Stanley Johnson,NOP,66,18.3,2.6,6.7,0.389,0.9,3.3,0.288,0.8,1,0.781,1.2,1.7,0.5,2.8,3.3,1.3,0.9,0.2,6.9
228,Quinn Cook,GSW,74,14.3,2.8,5.9,0.465,1.1,2.7,0.405,0.3,0.4,0.769,0.7,1.2,0.3,1.8,2.1,1.6,0.3,0,6.9
229,Wayne Selden,CHI,75,19.2,2.6,6.4,0.406,0.7,2.3,0.316,0.9,1.2,0.728,1.1,1.7,0.5,1.9,2.4,1.5,0.4,0.2,6.9
230,Maxi Kleber,DAL,71,21.2,2.5,5.4,0.453,1.1,3.1,0.353,0.8,1,0.784,0.8,2,1.3,3.4,4.6,1,0.5,1.1,6.8
231,Evan Turner,POR,73,22,2.8,6.1,0.46,0.2,0.7,0.212,1,1.5,0.708,1.6,1.5,0.5,4,4.5,3.9,0.5,0.2,6.8
232,Ersan Ilyasova,MIL,67,18.4,2.5,5.7,0.438,0.9,2.4,0.362,0.9,1.1,0.824,0.7,2.6,1.4,3.1,4.5,0.8,0.5,0.3,6.8
233,Ryan Arcidiacono,CHI,81,24.2,2.3,5.2,0.447,1,2.7,0.373,1.1,1.3,0.873,0.8,2.1,0.3,2.4,2.7,3.3,0.8,0,6.7
234,James Ennis,PHI,58,21.2,2.4,5.1,0.469,0.9,2.7,0.353,1,1.4,0.716,0.6,2.6,1,2.1,3.1,0.7,0.7,0.4,6.7
235,Ian Clark,NOP,60,16.2,2.5,6.4,0.394,1.1,3.4,0.327,0.6,0.6,0.892,1,1.6,0.2,1.3,1.5,1.6,0.4,0.1,6.7
236,Michael Kidd-Gilchrist,CHA,64,18.4,2.5,5.2,0.476,0.2,0.7,0.34,1.5,1.9,0.772,0.7,2.4,1.4,2.5,3.8,1,0.5,0.6,6.7
237,Zach Collins,POR,77,17.6,2.5,5.2,0.472,0.5,1.6,0.331,1.2,1.6,0.746,1,2.3,1.4,2.8,4.2,0.9,0.3,0.9,6.6
238,MarShon Brooks,MEM,29,13.3,2.6,5.8,0.45,0.5,1.9,0.278,0.8,1.1,0.697,0.7,1.1,0.4,1.1,1.6,0.9,0.3,0.1,6.6
239,Cory Joseph,IND,82,25.2,2.8,6.7,0.412,0.7,2.1,0.322,0.4,0.5,0.698,1,1.6,0.5,2.9,3.4,3.9,1.1,0.3,6.5
240,Shaquille Harrison,CHI,73,19.6,2.5,5.8,0.432,0.3,1.2,0.27,1.1,1.7,0.667,0.8,1.7,0.5,2.6,3,1.9,1.2,0.4,6.5
241,Sterling Brown,MIL,58,17.8,2.5,5.4,0.465,0.9,2.5,0.361,0.5,0.7,0.69,0.8,1.5,0.5,2.7,3.2,1.4,0.4,0.1,6.4
242,C.J. Miles,MEM,53,16.2,2.1,5.9,0.36,1.3,3.8,0.33,0.9,1.1,0.828,0.6,1.5,0.2,1.5,1.8,0.7,0.5,0.3,6.4
243,Gorgui Dieng,MIN,76,13.6,2.5,5,0.501,0.2,0.7,0.339,1.2,1.4,0.83,0.8,1.8,1.1,3,4.1,0.9,0.6,0.5,6.4
244,T.J. McConnell,PHI,76,19.3,2.9,5.5,0.525,0.2,0.6,0.333,0.4,0.5,0.784,1.2,1.4,0.4,1.9,2.3,3.4,1,0.2,6.4
245,Devin Harris,DAL,68,15.7,1.9,5.1,0.38,0.9,2.9,0.31,1.5,2,0.761,0.8,2,0.2,1.5,1.6,1.8,0.5,0.2,6.3
246,Jonas Jerebko,GSW,73,16.7,2.2,4.9,0.459,0.9,2.6,0.367,0.9,1.1,0.8,0.6,1.9,1,3,3.9,1.3,0.4,0.2,6.3
247,Kevon Looney,GSW,80,18.5,2.7,4.3,0.625,0,0.1,0.1,0.8,1.3,0.619,0.6,2.6,2.4,2.8,5.2,1.5,0.6,0.7,6.2
248,Cameron Payne,CLE,40,17.8,2.4,5.6,0.43,0.6,2.1,0.298,0.8,1,0.805,1.1,1.6,0.3,1.5,1.8,2.6,0.7,0.2,6.2
249,Mohamed Bamba,ORL,47,16.3,2.5,5.2,0.481,0.4,1.5,0.3,0.8,1.3,0.587,0.9,2.2,1.4,3.6,5,0.8,0.3,1.4,6.2
250,Cheick Diallo,NOP,64,14,2.6,4.2,0.62,0,0.1,0.25,0.8,1,0.746,0.8,1.8,1.2,4,5.2,0.5,0.5,0.5,6
251,Tony Snell,MIL,74,17.6,2.2,4.9,0.452,1.1,2.8,0.397,0.5,0.6,0.881,0.3,1.2,0.4,1.7,2.1,0.9,0.4,0.2,6
252,Yogi Ferrell,SAC,71,15,2.2,5,0.435,0.8,2.1,0.362,0.8,0.9,0.896,0.6,0.9,0.2,1.4,1.5,1.9,0.5,0.1,5.9
253,Matt Dellavedova,CLE,48,16.9,2,5,0.405,0.9,2.7,0.338,0.9,1.1,0.808,1.4,1.6,0.1,1.5,1.6,3.8,0.3,0,5.9
254,Nik Stauskas,CLE,68,14.9,2,5,0.402,1,2.8,0.372,0.8,0.9,0.891,0.8,0.7,0.3,1.6,1.9,1.2,0.3,0.1,5.9
255,Meyers Leonard,POR,61,14.4,2.2,4,0.545,0.8,1.8,0.45,0.7,0.8,0.843,0.7,1.7,0.8,3,3.8,1.2,0.2,0.1,5.9
256,Juan Hernangomez,DEN,70,19.4,2,4.5,0.439,0.9,2.6,0.365,0.9,1.2,0.767,0.5,1.3,0.9,2.9,3.8,0.8,0.4,0.3,5.8
257,Ed Davis,BRK,81,17.9,2.3,3.7,0.616,0,0,0,1.2,2,0.617,0.8,2.8,2.7,5.9,8.6,0.8,0.4,0.4,5.8
258,Mike Scott,PHI,79,17.7,2.1,5.3,0.4,1.3,3.2,0.401,0.3,0.4,0.667,0.6,2,0.5,2.9,3.5,0.8,0.3,0.2,5.8
259,Torrey Craig,DEN,75,20,2.1,4.8,0.442,0.8,2.5,0.324,0.7,0.9,0.7,0.6,2.3,1.2,2.3,3.5,1,0.5,0.6,5.7
260,Andre Iguodala,GSW,68,23.2,2.2,4.4,0.5,0.7,2.1,0.333,0.6,1,0.582,0.8,1.4,0.7,3,3.7,3.2,0.9,0.8,5.7
261,Daniel Theis,BOS,66,13.8,2.2,4,0.549,0.4,1,0.388,0.8,1.2,0.737,0.5,2.4,1.3,2.1,3.4,1,0.3,0.6,5.7
262,John Henson,MIL,14,13.5,2.2,4.8,0.463,0.8,2.2,0.355,0.4,0.7,0.6,0.9,1.1,1.1,3.9,5.1,1,0.5,0.8,5.6
263,Jakob Poeltl,SAS,77,16.5,2.4,3.8,0.645,0,0,0,0.6,1.2,0.533,0.6,1.6,2.3,3,5.3,1.2,0.4,0.9,5.5
264,Damian Jones,GSW,24,17.1,2.2,3.1,0.716,0,0,0,1,1.5,0.649,0.7,2.6,1.3,1.8,3.1,1.2,0.5,1,5.4
265,Tim Frazier,MIL,59,19,2,4.4,0.444,0.6,1.7,0.366,0.7,0.9,0.759,1.3,1.9,0.7,2.2,2.8,4.2,0.5,0.1,5.3
266,Chandler Hutchison,CHI,44,20.3,2.2,4.8,0.459,0.3,1.1,0.28,0.5,0.9,0.605,0.6,1.3,0.7,3.5,4.2,0.8,0.5,0.1,5.2
267,Royce O'Neale,UTA,82,20.4,2,4.2,0.475,0.8,2.1,0.386,0.4,0.5,0.762,0.9,2.1,0.3,3.2,3.5,1.5,0.7,0.3,5.2
268,Thon Maker,DET,64,15.2,1.7,4.2,0.407,0.8,2.4,0.32,0.9,1.3,0.667,0.5,1.6,0.6,2.5,3.2,0.7,0.3,0.8,5
269,Anthony Tolliver,MIN,65,16.6,1.5,4,0.382,1.2,3.3,0.377,0.7,0.9,0.783,0.6,1.4,0.2,2.5,2.7,0.7,0.3,0.3,5
270,Luc Mbah a Moute,LAC,4,15.2,2,4.5,0.444,0.5,1.5,0.333,0.5,1.2,0.4,0.5,2,0.5,1.2,1.8,0.5,0.2,0.2,5
271,Wesley Iwundu,ORL,68,18.1,1.7,4,0.412,0.4,1.2,0.367,1.2,1.5,0.816,0.6,1.8,0.5,2.2,2.7,1.1,0.4,0.3,5
272,Marcin Gortat,LAC,47,16,2.1,4,0.532,0,0,0,0.7,1,0.729,1.1,2,1.4,4.1,5.6,1.4,0.1,0.5,5
273,Nerlens Noel,OKC,77,13.7,2.1,3.6,0.587,0,0,0,0.7,1,0.684,0.6,2.2,1.6,2.6,4.2,0.6,0.9,1.2,4.9
274,Jared Dudley,BRK,59,20.7,1.7,4.1,0.423,0.9,2.6,0.351,0.5,0.8,0.696,0.7,2.2,0.6,2.1,2.6,1.4,0.6,0.3,4.9
275,Alfonzo McKinnie,GSW,72,13.9,1.9,3.8,0.487,0.6,1.6,0.356,0.4,0.7,0.562,0.4,1.9,1.1,2.3,3.4,0.4,0.2,0.2,4.7
276,Bruce Brown, Jr,DET,74,19.6,1.7,4.2,0.398,0.3,1.3,0.258,0.6,0.8,0.75,0.6,2.4,0.6,1.9,2.5,1.2,0.5,0.5,4.3
277,Jerian Grant,ORL,60,15.6,1.5,3.7,0.418,0.7,1.8,0.364,0.4,0.7,0.65,0.8,1.3,0.3,1.3,1.6,2.6,0.7,0.1,4.2
278,Shaun Livingston,GSW,64,15.1,1.7,3.3,0.519,0,0,0,0.6,0.8,0.784,0.6,1.2,0.7,1.2,1.8,1.8,0.5,0.4,4
279,Cristiano Felicio,CHI,60,12.4,1.6,3,0.531,0,0.1,0,0.8,1.2,0.685,0.6,1.1,1.3,2.3,3.6,0.6,0.2,0.1,4
280,Georges Niang,UTA,59,8.8,1.5,3.1,0.475,0.7,1.8,0.41,0.3,0.4,0.833,0.4,1,0.2,1.3,1.5,0.6,0.2,0.1,4
281,Abdel Nader,OKC,61,11.4,1.5,3.5,0.423,0.5,1.6,0.32,0.4,0.6,0.75,0.4,1.1,0.2,1.7,1.9,0.3,0.3,0.2,4
282,Zaza Pachulia,DET,68,12.9,1.2,2.8,0.44,0,0.1,0,1.4,1.8,0.782,0.8,2.2,1.5,2.4,3.9,1.3,0.5,0.2,3.9
283,T.J. Leaf,IND,58,9,1.7,3.2,0.541,0.1,0.5,0.258,0.3,0.5,0.613,0.2,0.6,0.7,1.4,2.2,0.4,0.2,0.3,3.9
284,Patrick Patterson,OKC,63,13.7,1.3,3.5,0.374,0.7,2.2,0.336,0.3,0.5,0.633,0.3,0.7,0.7,1.7,2.3,0.5,0.3,0.2,3.6
285,Tyrone Wallace,LAC,62,10.1,1.5,3.5,0.424,0.1,0.3,0.211,0.5,0.9,0.526,0.6,1.3,0.3,1.3,1.6,0.7,0.3,0.1,3.5
286,Jordan Bell,GSW,68,11.6,1.5,2.8,0.516,0,0,0,0.4,0.6,0.61,0.6,1.2,0.8,1.9,2.7,1.1,0.3,0.8,3.3
287,Tyson Chandler,LAL,55,15.9,1.1,1.8,0.616,0,0,0,0.9,1.6,0.586,0.8,2,1.7,3.9,5.6,0.7,0.4,0.4,3.1
288,Dante Cunningham,SAS,64,14.5,1.2,2.5,0.475,0.5,1,0.462,0.2,0.3,0.778,0.3,1.1,0.8,2.2,2.9,0.8,0.4,0.2,3
289,Sindarius Thornwell,LAC,64,4.9,0.3,0.8,0.347,0,0.2,0.2,0.4,0.5,0.735,0.3,0.6,0.1,0.6,0.7,0.3,0.2,0.1,1
290,Tyler Ulis,CHI,1,0.8,0,0,0,0,0,0,0,0,0,0,0,0,0,0,0,0,0,0
291,John Holland,CLE,1,0.7,0,0,0,0,0,0,0,0,0,0,0,0,0,0,0,0,0,0
292,Zach Lofton,DET,1,3.8,0,1,0,0,1,0,0,0,0,1,0,0,0,0,0,1,0,0